URL,Reason,Title,Date
"https://community.esri.com/t5/arcgis-experience-builder-blog/what-s-coming-in-arcgis-experience-builder-june/ba-p/1622055","Item duplicado","What's Coming in ArcGIS Experience Builder (June 2025)","2025-06-09T22:01:55.000Z"
"https://www.esri.com/arcgis-blog/products/unreal-engine/developers/arcgis-maps-sdk-for-unreal-engine-empowers-st-louis-to-bridge-urban-divides","Item duplicado","ArcGIS Maps SDK for Unreal Engine empowers St Louis to bridge urban divides","2025-06-09T23:31:45.000Z"
"https://www.esri.com/arcgis-blog/products/sdk-flutter/developers/build-smarter-location-aware-apps-with-geotriggers-in-arcgis-maps-sdk-for-flutter","Item duplicado","Build smarter location-aware apps with Geotriggers in ArcGIS Maps SDK for Flutter","2025-06-10T14:30:14.000Z"
"https://x.com/EsriDevs/status/1932226258546430291","URL de red social","<b>Esri</b> Developers on X: &quot;   Frox leverages <b>ArcGIS</b> Maps <b>SDK</b> for .NET to enhance surveying ...","2025-06-10T14:26:31.000Z"
"https://www.youtube.com/watch?v=i5vo20y2NRY","Item duplicado","ArcGIS Maps SDKs for Native Apps: An Overview and What's New | #EsriDevTech2026","2026-07-01T15:59:09.000Z"
"https://www.esri.com/arcgis-blog/products/arcgis-hub/constituent-engagement/empowering-midwives-through-advocacy-and-engagement","Item duplicado","Empowering midwives through advocacy and engagement","2026-07-01T18:07:40.000Z"
"https://www.esri.com/arcgis-blog/products/arcgis-hub/constituent-engagement/a-hub-energizing-collaboration","Item duplicado","A Hub energizing internal collaboration","2026-07-01T18:06:46.000Z"
"https://www.esri.com/arcgis-blog/products/arcgis-hub/constituent-engagement/collaborating-to-improve-communities-with-gis","Item duplicado","Collaborating to Improve Communities with GIS","2026-07-01T18:05:39.000Z"
"https://www.esri.com/arcgis-blog/products/arcgis-hub/constituent-engagement/engaging-residents-with-gis","Item duplicado","Engaging Residents with GIS","2026-07-01T18:04:17.000Z"
"https://www.esri.com/arcgis-blog/products/arcgis-hub/constituent-engagement/fostering-collaboration-among-members","Item duplicado","Fostering Collaboration Among Members","2026-07-01T18:03:36.000Z"
"https://www.esri.com/arcgis-blog/products/arcgis-hub/constituent-engagement/building-engaging-user-experiences","Item duplicado","Building Engaging User Experiences","2026-07-01T18:02:10.000Z"
"https://www.esri.com/arcgis-blog/products/arcgis-hub/constituent-engagement/equity-for-improved-engagement","Item duplicado","Equity for Improved Engagement","2026-07-01T18:01:42.000Z"
"https://www.esri.com/arcgis-blog/products/arcgis-hub/constituent-engagement/engaging-volunteers-for-a-cause","Item duplicado","Engaging Volunteers for a Cause","2026-07-01T18:00:20.000Z"
"https://www.esri.com/arcgis-blog/products/arcgis/analytics/a-new-lens-on-school-enrollment","Item duplicado","A New Lens on School Enrollment","2026-07-01T17:00:31.000Z"
"https://github.com/EsriJapan/arcgis-dev-resources/commit/e3d054865348a09257928f4ffd693570d26def47","Item duplicado","
        Maps SDK for JavaScript 5.1 更新
    ","2026-07-01T01:43:08.000Z"
"https://geoportal.kalselprov.go.id/arcgis/sdk/rest/index.html?gptask.html","URL prohibida","<b>ArcGIS</b> Server REST <b>API</b> - Geoportal Kalsel","2026-07-01T22:36:43.000Z"
"https://gis.paradisevalleyaz.gov/arcgis/rest/login?redirect=https%3A//gis.paradisevalleyaz.gov/arcgis/rest/services/Community_Development/Planning_and_Zoning/MapServer/6/queryAnalytic","URL prohibida","<b>ArcGIS</b> Server REST <b>API</b> Login","2026-07-01T13:02:16.000Z"
"https://www.iitjobs.com/job/lead-esri-developer-bridgewater-nj-usa-409826","URL prohibida","Lead <b>ESRI</b> Developer Job - Bridgewater, NJ, USA (DBSI Services) - iitjobs","2026-07-01T07:42:05.000Z"
"https://radiancefields.com/cyark-launches-america-250-tapestry-collection-with-gaussian-splatting","Item duplicado","CyArk Launches America 250 Tapestry Collection With Gaussian Splatting","2026-06-30T20:07:21.000Z"
"https://www.energycentral.com/intelligent-utility/post/rapid-mobile-gis-deployment-for-gas-leaks-and-inspections-wkTT30j7CPsfYdE","Item duplicado","Rapid Mobile GIS Deployment for Gas Leaks and Inspections - Energy Central","2026-06-30T19:46:00.000Z"
"https://www.youtube.com/watch?v=i5vo20y2NRY","Item duplicado","ArcGIS Maps SDKs for Native Apps: An Overview and What's New | #EsriDevTech2026","2026-07-01T15:59:09.000Z"
"https://www.esri.com/arcgis-blog/products/arcgis-hub/constituent-engagement/empowering-midwives-through-advocacy-and-engagement","Item duplicado","Empowering midwives through advocacy and engagement","2026-07-01T18:07:40.000Z"
"https://www.esri.com/arcgis-blog/products/arcgis-hub/constituent-engagement/a-hub-energizing-collaboration","Item duplicado","A Hub energizing internal collaboration","2026-07-01T18:06:46.000Z"
"https://www.esri.com/arcgis-blog/products/arcgis-hub/constituent-engagement/collaborating-to-improve-communities-with-gis","Item duplicado","Collaborating to Improve Communities with GIS","2026-07-01T18:05:39.000Z"
"https://www.esri.com/arcgis-blog/products/arcgis-hub/constituent-engagement/engaging-residents-with-gis","Item duplicado","Engaging Residents with GIS","2026-07-01T18:04:17.000Z"
"https://www.esri.com/arcgis-blog/products/arcgis-hub/constituent-engagement/fostering-collaboration-among-members","Item duplicado","Fostering Collaboration Among Members","2026-07-01T18:03:36.000Z"
"https://www.esri.com/arcgis-blog/products/arcgis-hub/constituent-engagement/building-engaging-user-experiences","Item duplicado","Building Engaging User Experiences","2026-07-01T18:02:10.000Z"
"https://www.esri.com/arcgis-blog/products/arcgis-hub/constituent-engagement/equity-for-improved-engagement","Item duplicado","Equity for Improved Engagement","2026-07-01T18:01:42.000Z"
"https://www.esri.com/arcgis-blog/products/arcgis-hub/constituent-engagement/engaging-volunteers-for-a-cause","Item duplicado","Engaging Volunteers for a Cause","2026-07-01T18:00:20.000Z"
"https://www.esri.com/arcgis-blog/products/arcgis/analytics/a-new-lens-on-school-enrollment","Item duplicado","A New Lens on School Enrollment","2026-07-01T17:00:31.000Z"
"https://github.com/EsriJapan/arcgis-dev-resources/commit/e3d054865348a09257928f4ffd693570d26def47","Item duplicado","
        Maps SDK for JavaScript 5.1 更新
    ","2026-07-01T01:43:08.000Z"
"https://developers.arcgis.com/rest/routing/current-release/","Item duplicado","Detected changes on: ArcGIS Routing service What's New / Release notes Page","2026-07-01T13:57:38.000Z"
"https://geoportal.kalselprov.go.id/arcgis/sdk/rest/index.html?gptask.html","URL prohibida","<b>ArcGIS</b> Server REST <b>API</b> - Geoportal Kalsel","2026-07-01T22:36:43.000Z"
"https://gis.paradisevalleyaz.gov/arcgis/rest/login?redirect=https%3A//gis.paradisevalleyaz.gov/arcgis/rest/services/Community_Development/Planning_and_Zoning/MapServer/6/queryAnalytic","URL prohibida","<b>ArcGIS</b> Server REST <b>API</b> Login","2026-07-01T13:02:16.000Z"
"https://www.iitjobs.com/job/lead-esri-developer-bridgewater-nj-usa-409826","URL prohibida","Lead <b>ESRI</b> Developer Job - Bridgewater, NJ, USA (DBSI Services) - iitjobs","2026-07-01T07:42:05.000Z"
"https://radiancefields.com/cyark-launches-america-250-tapestry-collection-with-gaussian-splatting","Item duplicado","CyArk Launches America 250 Tapestry Collection With Gaussian Splatting","2026-06-30T20:07:21.000Z"
"https://www.energycentral.com/intelligent-utility/post/rapid-mobile-gis-deployment-for-gas-leaks-and-inspections-wkTT30j7CPsfYdE","Item duplicado","Rapid Mobile GIS Deployment for Gas Leaks and Inspections - Energy Central","2026-06-30T19:46:00.000Z"
